ms,T_rawC,T_filtC,u_PID_pct,SP_C,Fan_in_pct,Fan_out_pct,safety,u_delay_us,gate
1374,26.52,26.31,25,26,99.8,99.8,0,7500,1
2384,26.29,26.34,25,26,100,100,0,7500,1
3394,26.34,26.34,25,26,100,100,0,7500,1
4404,25.78,26.34,25,26,100,100,0,7500,1
5414,26.68,26.34,25,26,100,100,0,7500,1
6424,26.86,26.38,25,26,100,100,0,7500,1
7434,26.37,26.47,25,26,100,100,0,7500,1
8444,26.44,26.48,25,26,100,100,0,7500,1
9454,26.5,26.53,25,26,100,100,0,7500,1
10464,27.06,26.57,25,26,100,100,0,7500,1
11474,27.47,26.64,25,26,100,100,0,7500,1
12484,27.19,26.73,25,26,100,100,0,7500,1
13494,27.13,26.84,25,26,100,100,0,7500,1
14504,27.21,26.9,25,26,100,100,0,7500,1
15514,27.41,26.99,25,26,100,100,0,7500,1
16524,26.76,27,25,26,100,100,0,7500,1
17534,26.91,26.95,25,26,100,100,0,7500,1
18544,27.01,26.94,25,26,100,100,0,7500,1
19554,26.83,26.92,25,26,100,100,0,7500,1
20564,26.3,26.86,25,26,100,100,0,7500,1
21574,26.76,26.78,25,26,100,100,0,7500,1
22584,27.05,26.76,25,26,100,100,0,7500,1
23594,26.77,26.78,25,26,100,100,0,7500,1
24604,26.49,26.78,25,26,100,100,0,7500,1
25614,26.72,26.76,25,26,100,100,0,7500,1
26624,27.26,26.74,25,26,100,100,0,7500,1
27634,26.34,26.73,25,26,100,100,0,7500,1
28644,26.18,26.64,25,26,100,100,0,7500,1
29654,26.31,26.58,25,26,100,100,0,7500,1
30664,26.27,26.51,25,26,100,100,0,7500,1
31674,26.59,26.51,25,26,100,100,0,7500,1
32684,25.94,26.45,25,26,100,100,0,7500,1
33694,26.61,26.4,25,26,100,100,0,7500,1
34704,26.77,26.41,25,26,100,100,0,7500,1
35714,26.74,26.45,25,26,100,100,0,7500,1
36724,25.96,26.5,25,26,100,100,0,7500,1
37734,26.01,26.48,25,26,100,100,0,7500,1
38744,26.35,26.43,25,26,100,100,0,7500,1
39754,26.34,26.41,25,26,100,100,0,7500,1
40764,25.94,26.39,25,26,100,100,0,7500,1
41774,25.75,26.35,25,26,100,100,0,7500,1
42784,25.75,26.21,25,26,100,100,0,7500,1
43794,25.76,26.13,25,26,100,100,0,7500,1
44804,25.75,26.02,25,26,99.9,99.9,0,7500,1
45814,25.37,25.94,25.1,26,99.9,99.9,0,7489,1
46824,25.09,25.88,25.39,26,99.5,99.5,0,7461,1
47834,25.7,25.74,25.8,26,99,99,0,7419,1
48844,25.67,25.7,26.31,26,98.4,98.4,0,7369,1
49854,25.71,25.69,26.71,26,97.9,97.9,0,7328,1
50864,25.02,25.65,27.14,26,97.3,97.3,0,7285,1
51874,25.45,25.57,28.01,26,96.5,96.5,0,7198,1
52884,25.46,25.52,28.36,26,95.8,95.8,0,7164,1
53894,25.3,25.49,29.15,26,95,95,0,7085,1
54904,25.44,25.48,29.53,26,94.2,94.2,0,7046,1
55914,25.65,25.48,30.05,26,93.5,93.5,0,6995,1
56924,25.97,25.51,30.59,26,92.8,92.8,0,6940,1
57934,26.1,25.62,30.45,26,92.5,92.5,0,6955,1
58944,26.5,25.71,30.98,26,92.2,92.2,0,6902,1
59954,26.5,25.88,30.81,26,92.4,92.4,0,6919,1
60964,26.55,25.99,30.6,26,92.6,92.6,0,6940,1
61974,26.09,26.07,30.35,26,92.8,92.8,0,6964,1
62984,26.29,26.1,30.2,26,93,93,0,6980,1
63994,25.73,26.09,30.11,26,93.1,93.1,0,6989,1
65004,25.44,25.99,30.19,26,93.1,93.1,0,6981,1
66014,25.72,25.92,30.49,26,92.7,92.7,0,6951,1
67024,25.41,25.81,30.8,26,92.3,92.3,0,6920,1
68034,25.45,25.74,31.29,26,91.7,91.7,0,6870,1
69044,25.59,25.67,31.74,26,91.2,91.2,0,6826,1
70054,25.61,25.64,32.25,26,90.5,90.5,0,6774,1
71064,25.23,25.6,33.02,26,89.9,89.9,0,6698,1
72074,25.66,25.54,33.37,26,89.1,89.1,0,6663,1
73084,25.55,25.5,34.02,26,88.3,88.3,0,6598,1
74094,25.15,25.5,34.51,26,87.6,87.6,0,6548,1
75104,25.48,25.5,35.07,26,86.9,86.9,0,6493,1
76114,25.68,25.5,35.6,26,86.2,86.2,0,6439,1
77124,25.63,25.54,35.89,26,85.6,85.6,0,6410,1
78134,25.42,25.56,36.47,26,85,85,0,6353,1
79144,25.32,25.58,36.81,26,84.4,84.4,0,6319,1
80154,25.25,25.55,37.48,26,83.6,83.6,0,6251,1
81164,25.75,25.47,38.2,26,82.7,82.7,0,6179,1
82174,26.23,25.5,38.7,26,82,82,0,6129,1
83184,25.92,25.63,38.84,26,81.8,81.8,0,6115,1
84194,25.78,25.68,39.1,26,81.4,81.4,0,6090,1
85204,26.5,25.73,39.29,26,81.1,81.1,0,6070,1
86214,26.14,25.86,39.35,26,81,81,0,6064,1
87224,25.91,25.95,39.13,26,81.2,81.2,0,6087,1
88234,25.99,25.96,39.14,26,81.2,81.2,0,6086,1
89244,25.98,25.96,39.19,26,81.1,81.1,0,6081,1
90254,26.57,25.99,38.99,26,81.1,81.1,0,6100,1
91264,26.55,26.09,38.88,26,81.5,81.5,0,6111,1
92274,25.62,26.19,38.28,26,81.9,81.9,0,6172,1
93284,25.98,26.17,38.34,26,82.1,82.1,0,6166,1
94294,26.45,26.18,37.89,26,82.4,82.4,0,6211,1
95304,26.59,26.24,37.77,26,82.9,82.9,0,6223,1
96314,26.26,26.28,37.4,26,83.3,83.3,0,6259,1
97324,26.38,26.26,37.15,26,83.6,83.6,0,6284,1
98334,26.08,26.22,37.11,26,83.9,83.9,0,6288,1
99344,26.18,26.19,36.81,26,84.1,84.1,0,6318,1
100354,25.49,26.17,36.66,26,84.3,84.3,0,6333,1
101364,26.02,26.14,36.57,26,84.5,84.5,0,6343,1
102374,26.09,26.07,36.61,26,84.5,84.5,0,6339,1
103384,26.13,26.05,36.6,26,84.5,84.5,0,6339,1
104394,25.51,26.03,36.62,26,84.5,84.5,0,6338,1
105404,25.66,25.9,36.86,26,84.2,84.2,0,6314,1
106414,25.96,25.84,37.21,26,83.8,83.8,0,6278,1
107424,26,25.86,37.36,26,83.6,83.6,0,6263,1
108434,25.95,25.89,37.42,26,83.5,83.5,0,6257,1
109444,25.38,25.88,37.51,26,83.4,83.4,0,6248,1
110454,25.84,25.79,37.95,26,82.8,82.8,0,6205,1
111464,25.6,25.73,38.45,26,82.3,82.3,0,6154,1
112474,26.04,25.72,38.69,26,81.9,81.9,0,6131,1
113484,25.24,25.68,39.35,26,81.4,81.4,0,6064,1
114494,25.19,25.65,39.52,26,80.8,80.8,0,6047,1
115504,25.04,25.67,39.72,26,80.4,80.4,0,6027,1
116514,25.71,25.64,40.32,26,79.8,79.8,0,5967,1
117524,25.88,25.67,40.52,26,79.3,79.3,0,5948,1
118534,25.92,25.7,40.9,26,79,79,0,5910,1
119544,24.84,25.75,40.94,26,78.7,78.7,0,5905,1
120554,25.88,25.78,41.3,26,78.4,78.4,0,5870,1
121564,25.89,25.81,41.45,26,78.2,78.2,0,5854,1
122574,25.69,25.82,41.62,26,77.9,77.9,0,5838,1
123584,26.45,25.85,41.72,26,77.8,77.8,0,5827,1
124594,26.24,25.96,41.57,26,78,78,0,5843,1
125604,26.19,26.02,41.41,26,78.1,78.1,0,5859,1
126614,26.05,26.05,41.32,26,78.2,78.2,0,5868,1
127624,26.11,26.07,41.2,26,78.4,78.4,0,5879,1
128634,26.28,26.1,41.1,26,78.5,78.5,0,5890,1
129644,26.46,26.15,40.79,26,78.9,78.9,0,5921,1
130654,26.37,26.26,39.95,26,79.5,79.5,0,6005,1
131664,26.19,26.29,39.94,26,79.9,79.9,0,6006,1
132674,25.61,26.31,39.56,26,80.4,80.4,0,6043,1
133684,26.37,26.3,39.27,26,80.8,80.8,0,6073,1
134694,26.01,26.25,39.24,26,81.1,81.1,0,6076,1
135704,25.93,26.24,38.85,26,81.4,81.4,0,6115,1
136714,26.2,26.18,38.94,26,81.5,81.5,0,6105,1
137724,25.98,26.15,38.66,26,81.7,81.7,0,6134,1
138734,25.87,26.11,38.73,26,81.8,81.8,0,6126,1
139744,25.81,26.07,38.61,26,81.8,81.8,0,6139,1
140754,25.99,26.01,38.7,26,81.7,81.7,0,6130,1
141764,25.74,26.01,38.7,26,81.7,81.7,0,6130,1
142774,25.71,25.97,38.79,26,81.6,81.6,0,6121,1
143784,26,25.96,38.85,26,81.5,81.5,0,6114,1
144794,26.29,25.97,38.86,26,81.5,81.5,0,6113,1
145804,26.13,26.02,38.8,26,81.6,81.6,0,6119,1
146814,25.12,26.05,38.67,26,81.8,81.8,0,6133,1
147824,25.89,26.04,38.61,26,81.8,81.8,0,6139,1
148834,25.79,26.01,38.66,26,81.8,81.8,0,6133,1
149844,25.86,25.93,38.8,26,81.6,81.6,0,6120,1
150854,25.19,25.88,39.1,26,81.3,81.3,0,6090,1
151864,25.07,25.75,40.15,26,80.6,80.6,0,5985,1
152874,25.1,25.63,40.21,26,79.9,79.9,0,5979,1
153884,25.66,25.52,41.11,26,79,79,0,5888,1
154894,25.5,25.53,41.45,26,78.3,78.3,0,5855,1
155904,26.47,25.58,41.45,26,77.9,77.9,0,5855,1
156914,26.53,25.67,42.02,26,77.5,77.5,0,5797,1
157924,26.88,25.88,41.06,26,77.8,77.8,0,5894,1
158934,26.67,26.06,41.38,26,78.2,78.2,0,5861,1
159944,26.89,26.26,40.11,26,78.9,78.9,0,5989,1
160954,26.43,26.35,40.13,26,79.6,79.6,0,5986,1
161964,26.46,26.47,39.38,26,80.6,80.6,0,6061,1
162974,26.59,26.54,38.69,26,81.5,81.5,0,6131,1
163984,26.2,26.53,38.13,26,82.2,82.2,0,6187,1
164994,26.39,26.48,37.7,26,82.8,82.8,0,6229,1
166004,26.15,26.42,37.37,26,83.3,83.3,0,6263,1
167014,25.59,26.37,36.99,26,83.8,83.8,0,6300,1
168024,26.16,26.29,36.87,26,84,84,0,6313,1
169034,25.93,26.17,36.83,26,84.1,84.1,0,6317,1
170044,25.79,26.14,36.79,26,84.2,84.2,0,6321,1
171054,26.16,26.12,36.69,26,84.4,84.4,0,6331,1
172064,25.8,26.12,36.55,26,84.5,84.5,0,6344,1
173074,25.7,26.03,36.93,26,84.4,84.4,0,6306,1
174084,25.96,25.99,36.76,26,84.3,84.3,0,6323,1
175094,25.7,25.97,36.86,26,84.3,84.3,0,6313,1
176104,24.57,25.94,36.93,26,84.1,84.1,0,6307,1
177114,25.36,25.85,37.72,26,83.7,83.7,0,6227,1
178124,26.24,25.8,37.55,26,83.4,83.4,0,6244,1
179134,25.69,25.79,37.84,26,83,83,0,6216,1
180144,25.99,25.82,37.94,26,82.9,82.9,0,6206,1
181154,25.45,25.78,38.27,26,82.4,82.4,0,6173,1
182164,25.79,25.75,38.61,26,82,82,0,6138,1
183174,25.81,25.72,38.97,26,81.5,81.5,0,6103,1
184184,24.95,25.71,39.29,26,81.1,81.1,0,6070,1
185194,25.94,25.68,39.7,26,80.6,80.6,0,6030,1
186204,25.61,25.71,39.98,26,80.2,80.2,0,6002,1
187214,25.45,25.71,40.28,26,79.8,79.8,0,5971,1
188224,25.36,25.66,40.68,26,79.3,79.3,0,5931,1
189234,25.48,25.63,41.18,26,78.6,78.6,0,5881,1
190244,25.6,25.58,41.69,26,78,78,0,5831,1
191254,25.18,25.57,42.24,26,77.3,77.3,0,5776,1
192264,24.73,25.5,43.21,26,76.4,76.4,0,5679,1
193274,25.25,25.44,43.61,26,75.5,75.5,0,5638,1
194284,25.08,25.34,44.77,26,74.3,74.3,0,5523,1
195294,25.06,25.31,45.32,26,73.3,73.3,0,5468,1
196304,24.94,25.24,46.5,26,72.1,72.1,0,5349,1
197314,25.03,25.2,47.2,26,70.8,70.8,0,5279,1
198324,25.02,25.16,48.32,26,69.5,69.5,0,5167,1
199334,25.19,25.13,49.18,26,68.3,68.3,0,5082,1
200344,25.14,25.11,50.17,26,66.9,66.9,0,4983,1
201354,23.93,25.09,51.3,26,65.5,65.5,0,4870,1
202364,24.89,24.98,52.62,26,63.7,63.7,0,4738,1
203374,24.84,24.93,53.88,26,62.1,62.1,0,4612,1
204384,25.2,24.91,55.1,26,60.5,60.5,0,4490,1
205394,24.55,24.89,56.33,26,58.9,58.9,0,4367,1
206404,24.68,24.82,57.76,26,57,57,0,4223,1
207414,24.43,24.73,59.23,26,55.1,55.1,0,4077,1
208424,24.36,24.68,60.8,26,53,53,0,3920,1
209434,24.7,24.59,62.41,26,50.9,50.9,0,3759,1
210444,24.27,24.54,64.14,26,48.6,48.6,0,3585,1
211454,24.33,24.46,66.37,26,46,46,0,3362,1
212464,24.01,24.4,67.96,26,43.6,43.6,0,3203,1
213474,24.68,24.31,70.21,26,41,41,0,2979,1
214484,24.43,24.38,71.59,26,38.8,38.8,0,2840,1
215494,23.63,24.36,73.85,26,36.4,36.4,0,2615,1
216504,24.37,24.28,75.39,26,33.8,33.8,0,2460,1
217514,27.95,24.56,73.63,26,32.2,32.2,0,2637,1
218524,29.14,25.16,76.41,26,32.1,32.1,0,2358,1
219534,29.54,26.06,71.77,26,34,34,0,2823,1
220544,24.14,26.64,72.99,26,35.8,35.8,0,2701,1
221554,24.26,26.35,72.93,26,35.8,35.8,0,2706,1
222564,24.45,25.99,73.64,26,35.1,35.1,0,2635,1
223574,25.99,25.61,74.8,26,33.7,33.7,0,2519,1
224584,29.9,25.58,75.35,26,33.1,33.1,0,2464,1
225594,24.83,26.48,73.11,26,35.8,35.8,0,2688,1
226604,24.93,26.33,72.57,26,36.3,36.3,0,2743,1
227614,24.66,26.09,73.21,26,35.6,35.6,0,2678,1
228624,24.76,25.79,73.74,26,35,35,0,2626,1
229634,25.23,25.63,74.63,26,34,34,0,2536,1
230644,29.03,25.81,75.25,26,33.2,33.2,0,2475,1
231654,24.74,26.31,73.44,26,35.4,35.4,0,2656,1
232664,25.04,26.3,74.22,26,35.8,35.8,0,2578,1
233674,24.91,26.08,73.31,26,35.5,35.5,0,2669,1
234684,25.09,25.79,74.9,26,34.6,34.6,0,2509,1
235694,25.7,25.64,74.72,26,33.9,33.9,0,2528,1
236704,30.49,25.9,71.55,26,34.2,34.2,0,2844,1
237714,25.44,26.42,73.1,26,35.8,35.8,0,2690,1
238724,25.2,26.24,74.01,26,35.6,35.6,0,2599,1
239734,25.66,26.08,73.33,26,35.5,35.5,0,2667,1
240744,25.83,25.89,74.33,26,34.9,34.9,0,2567,1
241754,25.19,25.8,74.21,26,34.5,34.5,0,2578,1
242764,26.49,25.81,74.42,26,34.2,34.2,0,2558,1
243774,26.88,25.9,74.37,26,34.3,34.3,0,2563,1
244784,25.45,26.03,74.06,26,34.6,34.6,0,2593,1
245794,25.21,25.98,74.17,26,34.4,34.4,0,2583,1
246804,26.26,25.94,74.34,26,34.2,34.2,0,2566,1
247814,25.88,26,74.31,26,34.3,34.3,0,2568,1
248824,25.78,26.03,74.16,26,34.5,34.5,0,2584,1
249834,25.89,26.01,74.14,26,34.5,34.5,0,2586,1
250844,26.26,25.98,74.24,26,34.4,34.4,0,2576,1
251854,26.22,26.01,73.99,26,34.4,34.4,0,2601,1
252864,25.99,26.05,74.07,26,34.6,34.6,0,2592,1
253874,26.21,26.02,74.22,26,34.5,34.5,0,2578,1
254884,25.89,26,74.14,26,34.5,34.5,0,2585,1
255894,26.24,26.01,74.01,26,34.5,34.5,0,2598,1
256904,26.17,26.04,74.03,26,34.6,34.6,0,2596,1
257914,25.99,26.05,74,26,34.7,34.7,0,2600,1
258924,26.4,26.04,73.93,26,34.7,34.7,0,2606,1
259934,26.5,26.04,73.75,26,34.8,34.8,0,2625,1
260944,26.07,26.06,73.79,26,34.9,34.9,0,2620,1
261954,26.55,26.09,73.62,26,35.1,35.1,0,2638,1
262964,26.51,26.16,73.32,26,35.5,35.5,0,2668,1
263974,26.28,26.23,72.92,26,36,36,0,2707,1
264984,25.92,26.25,72.62,26,36.4,36.4,0,2738,1
265994,26.34,26.26,72.31,26,36.8,36.8,0,2769,1
267004,26.33,26.3,71.94,26,37.3,37.3,0,2806,1
268014,26.1,26.31,71.57,26,37.7,37.7,0,2843,1
269024,26.6,26.26,71.34,26,38,38,0,2865,1
270034,26.85,26.27,71.06,26,38.4,38.4,0,2893,1
271044,26.21,26.3,70.68,26,38.9,38.9,0,2932,1
272054,26.48,26.29,70.35,26,39.4,39.4,0,2965,1
273064,26.62,26.32,69.8,26,39.9,39.9,0,3020,1
274074,27.61,26.37,69.47,26,40.5,40.5,0,3053,1
275084,27.23,26.53,67.93,26,41.6,41.6,0,3207,1
276094,27.52,26.66,67.66,26,42.8,42.8,0,3233,1
277104,27.01,26.84,65.91,26,44.3,44.3,0,3409,1
278114,26.88,26.86,65.45,26,45.6,45.6,0,3455,1
279124,27.41,26.89,64.33,26,46.9,46.9,0,3566,1
280134,26.92,26.92,63.36,26,48.3,48.3,0,3663,1
281144,27.16,26.96,62.15,26,49.8,49.8,0,3785,1
282154,27.43,26.99,61.03,26,51.4,51.4,0,3897,1
283164,26.45,27.05,59.76,26,53.1,53.1,0,4023,1
284174,27.24,27.02,58.71,26,54.5,54.5,0,4129,1
285184,27.44,27.06,57.51,26,56.1,56.1,0,4249,1
286194,27.81,27.14,56.12,26,57.9,57.9,0,4388,1
287204,26.88,27.26,54.51,26,60,60,0,4548,1
288214,27.23,27.28,53.06,26,61.8,61.8,0,4693,1
289224,27.06,27.27,51.71,26,63.6,63.6,0,4829,1
290234,27.35,27.28,50.32,26,65.5,65.5,0,4967,1
291244,26.85,27.3,48.88,26,67.4,67.4,0,5112,1
292254,28.06,27.29,47.38,26,69.5,69.5,0,5261,1
293264,27.2,27.28,45.96,26,71.3,71.3,0,5403,1
294274,27.13,27.26,44.77,26,73.1,73.1,0,5523,1
295284,27.16,27.24,43.35,26,74.8,74.8,0,5665,1
296294,26.83,27.2,42.22,26,76.5,76.5,0,5778,1
297304,27.04,27.18,40.86,26,78.2,78.2,0,5914,1
298314,26.69,27.12,39.89,26,79.7,79.7,0,6011,1
299324,26.66,27.05,38.75,26,81,81,0,6125,1
300334,26.17,26.92,38.45,26,82.1,82.1,0,6154,1
301344,23.39,26.81,37.3,26,83.1,83.1,0,6270,1
302354,25.95,26.53,37.17,26,83.4,83.4,0,6282,1
303364,26.02,26.44,36.88,26,83.9,83.9,0,6312,1
304374,25.62,26.35,36.67,26,84.2,84.2,0,6333,1
305384,26.43,26.26,36.55,26,84.4,84.4,0,6344,1
306394,25.91,26.13,36.69,26,84.3,84.3,0,6331,1
307404,25.55,26.05,36.69,26,84.3,84.3,0,6330,1
308414,25.58,25.99,36.87,26,84.2,84.2,0,6313,1
309424,25.15,25.89,37.07,26,83.9,83.9,0,6292,1
310434,25.24,25.76,37.62,26,83.3,83.3,0,6237,1
311444,25.96,25.65,38.17,26,82.6,82.6,0,6182,1
312454,25.76,25.67,38.57,26,82.1,82.1,0,6142,1
313464,25.89,25.72,38.63,26,81.8,81.8,0,6137,1
314474,25.57,25.75,39.02,26,81.5,81.5,0,6097,1
315484,25.34,25.75,39.45,26,81.1,81.1,0,6055,1
316494,25.79,25.76,39.52,26,80.8,80.8,0,6048,1
317504,25.14,25.77,39.74,26,80.5,80.5,0,6026,1
318514,25.83,25.77,39.99,26,80.1,80.1,0,6000,1
319524,25.92,25.77,40.17,26,79.8,79.8,0,5982,1
320534,25.63,25.75,40.54,26,79.4,79.4,0,5946,1
321544,26.09,25.72,40.98,26,79,79,0,5901,1
322554,25.81,25.75,41.15,26,78.6,78.6,0,5884,1
323564,25.1,25.77,41.36,26,78.3,78.3,0,5863,1
324574,25.65,25.71,41.78,26,77.8,77.8,0,5821,1
325584,25.39,25.7,42.14,26,77.3,77.3,0,5786,1
326594,25.95,25.7,42.44,26,76.9,76.9,0,5755,1
327604,26.65,25.73,42.7,26,76.6,76.6,0,5729,1
328614,25.89,25.79,42.86,26,76.3,76.3,0,5713,1
329624,26.21,25.82,42.98,26,76.1,76.1,0,5702,1
330634,25.96,25.84,43.14,26,75.9,75.9,0,5686,1
331644,25.22,25.85,43.26,26,75.8,75.8,0,5674,1
332654,26.72,25.93,42.8,26,75.8,75.8,0,5719,1
333664,26.44,26.01,43.08,26,75.9,75.9,0,5691,1
334674,26.79,26.13,42.3,26,76.4,76.4,0,5769,1
335684,27.24,26.25,42.22,26,76.9,76.9,0,5778,1
336694,26.86,26.49,40.52,26,78.1,78.1,0,5947,1
337704,26.49,26.58,40.45,26,79.1,79.1,0,5954,1
338714,26.67,26.63,39.63,26,80.1,80.1,0,6037,1
339724,26.73,26.65,38.93,26,81.1,81.1,0,6107,1
340734,26.5,26.67,38.12,26,82.1,82.1,0,6187,1
341744,26.42,26.63,37.55,26,82.9,82.9,0,6244,1
342754,26.42,26.58,36.95,26,83.7,83.7,0,6304,1
343764,26.8,26.56,36.39,26,84.5,84.5,0,6360,1
344774,26.31,26.51,35.92,26,85.1,85.1,0,6408,1
345784,26.53,26.43,35.61,26,85.6,85.6,0,6439,1
346794,26.55,26.42,35.17,26,86.2,86.2,0,6482,1
347804,26.55,26.43,34.71,26,86.8,86.8,0,6528,1
348814,26.27,26.42,34.25,26,87.4,87.4,0,6575,1
349824,25.73,26.42,33.74,26,88.1,88.1,0,6626,1
350834,25.82,26.34,33.55,26,88.4,88.4,0,6644,1
351844,25.55,26.21,33.45,26,88.6,88.6,0,6655,1
352854,25.23,26.15,33.47,26,88.6,88.6,0,6653,1
353864,25.98,26.06,33.65,26,88.5,88.5,0,6635,1
354874,25.73,26.02,33.62,26,88.5,88.5,0,6637,1
355884,25.66,25.94,34.1,26,88.2,88.2,0,6589,1
356894,26.22,25.88,34.08,26,87.9,87.9,0,6592,1
357904,25,25.91,33.88,26,87.9,87.9,0,6611,1
358914,25.33,25.88,34.3,26,87.7,87.7,0,6569,1
359924,25.71,25.73,35.28,26,87,87,0,6472,1
360934,25.1,25.66,35.36,26,86.4,86.4,0,6463,1
361944,25.43,25.61,36.07,26,85.7,85.7,0,6393,1
362954,25.5,25.58,36.45,26,85,85,0,6355,1
363964,25.76,25.56,36.96,26,84.3,84.3,0,6303,1
364974,26.21,25.57,37.39,26,83.7,83.7,0,6260,1
365984,25.73,25.6,37.77,26,83.2,83.2,0,6223,1
366994,25.56,25.61,38.16,26,82.7,82.7,0,6183,1
368004,25.3,25.62,38.56,26,82.1,82.1,0,6143,1
369014,25.46,25.59,39.03,26,81.5,81.5,0,6096,1
370024,25.29,25.56,39.6,26,80.8,80.8,0,6040,1
371034,25.99,25.55,40.15,26,80.1,80.1,0,5985,1
372044,26.12,25.61,40.44,26,79.7,79.7,0,5955,1
373054,26.15,25.68,40.47,26,79.3,79.3,0,5952,1
374064,26.02,25.75,40.84,26,79,79,0,5915,1
375074,26.13,25.82,40.72,26,78.9,78.9,0,5928,1
376084,25.97,25.85,41.03,26,78.7,78.7,0,5897,1
377094,26.19,25.89,40.89,26,78.7,78.7,0,5910,1
378104,26.64,25.97,40.95,26,78.8,78.8,0,5905,1
379114,26.66,26.14,40.01,26,79.3,79.3,0,5999,1
380124,26.47,26.22,40.11,26,79.8,79.8,0,5989,1
381134,26.9,26.29,39.48,26,80.3,80.3,0,6051,1
382144,26.53,26.33,39.24,26,80.8,80.8,0,6076,1
383154,26.49,26.4,38.64,26,81.6,81.6,0,6136,1
384164,25.87,26.41,38.15,26,82.2,82.2,0,6184,1
385174,26.01,26.35,37.88,26,82.6,82.6,0,6211,1
386184,25.99,26.29,37.68,26,82.9,82.9,0,6232,1
387194,26.08,26.23,37.56,26,83.1,83.1,0,6244,1
388204,25.86,26.19,37.41,26,83.3,83.3,0,6259,1
389214,25.61,26.14,37.35,26,83.4,83.4,0,6265,1
390224,25.51,25.99,37.49,26,83.3,83.3,0,6250,1
391234,25.61,25.91,37.85,26,82.9,82.9,0,6215,1
392244,25.62,25.81,38.16,26,82.5,82.5,0,6184,1
393254,25.71,25.73,38.67,26,81.9,81.9,0,6132,1
394264,25.38,25.69,39.26,26,81.4,81.4,0,6073,1
395274,26.06,25.67,39.47,26,80.9,80.9,0,6052,1
396284,25.7,25.67,39.82,26,80.4,80.4,0,6017,1
397294,25.32,25.66,40.22,26,79.9,79.9,0,5978,1
398304,25.36,25.58,41.09,26,79.1,79.1,0,5891,1
399314,25.18,25.52,41.46,26,78.3,78.3,0,5854,1
400324,25.18,25.45,42.46,26,77.4,77.4,0,5754,1
401334,25.08,25.4,42.93,26,76.4,76.4,0,5706,1
402344,26,25.36,43.8,26,75.4,75.4,0,5619,1
403354,25.53,25.37,44.45,26,74.4,74.4,0,5555,1
404364,25.37,25.39,45.05,26,73.6,73.6,0,5495,1
405374,25.32,25.4,45.68,26,72.8,72.8,0,5431,1
406384,25.65,25.42,46.29,26,72,72,0,5370,1
407394,25.61,25.46,46.81,26,71.2,71.2,0,5319,1
408404,25.38,25.48,47.32,26,70.5,70.5,0,5268,1
409414,25.45,25.46,47.93,26,69.7,69.7,0,5206,1
410424,25.17,25.44,48.59,26,68.9,68.9,0,5141,1
411434,26.02,25.46,49.19,26,68.1,68.1,0,5080,1
412444,25.47,25.5,49.62,26,67.5,67.5,0,5037,1
413454,25.35,25.52,50.19,26,66.7,66.7,0,4980,1
414464,25.38,25.5,50.73,26,66,66,0,4927,1
415474,25.22,25.46,51.58,26,65.1,65.1,0,4841,1
416484,25.89,25.42,52.08,26,64.2,64.2,0,4792,1
417494,25.07,25.38,52.96,26,63.2,63.2,0,4703,1
418504,25.25,25.35,53.6,26,62.2,62.2,0,4640,1
419514,24.92,25.31,54.52,26,61.2,61.2,0,4547,1
420524,24,25.29,55.23,26,60.1,60.1,0,4477,1
421534,24.33,25.15,57.17,26,58.6,58.6,0,4282,1
422544,25.15,25.08,57.52,26,57.2,57.2,0,4248,1
423554,25.02,25.06,58.67,26,55.6,55.6,0,4132,1
424564,25.25,25.05,59.71,26,54.3,54.3,0,4028,1
425574,24.72,25.02,60.82,26,52.8,52.8,0,3918,1
426584,24.75,24.97,62.03,26,51.2,51.2,0,3797,1
427594,24.56,24.91,63.32,26,49.5,49.5,0,3667,1
428604,24.99,24.85,64.65,26,47.8,47.8,0,3534,1
429614,24.67,24.82,66.02,26,46,46,0,3397,1
430624,24.57,24.87,67.2,26,44.4,44.4,0,3279,1
431634,24.53,24.87,68.39,26,42.8,42.8,0,3160,1
432644,24.94,24.87,69.62,26,41.2,41.2,0,3037,1
433654,25.23,24.92,70.82,26,39.5,39.5,0,2918,1
434664,24.79,24.96,71.78,26,38.1,38.1,0,2821,1
435674,24.77,24.95,73.03,26,36.6,36.6,0,2696,1
436684,24.8,24.9,74.44,26,34.9,34.9,0,2556,1
437694,28.01,24.9,75.51,26,33.3,33.3,0,2449,1
438704,30.66,25.61,71.77,26,34.2,34.2,0,2822,1
439714,25.19,26.21,73.42,26,35.5,35.5,0,2657,1
440724,25.48,26.34,73.76,26,36.3,36.3,0,2624,1
441734,24.98,26.14,72.84,26,36.1,36.1,0,2716,1
442744,25.1,25.92,74.14,26,35.5,35.5,0,2586,1
443754,25.61,25.81,73.75,26,35.1,35.1,0,2625,1
444764,25.79,25.76,74.11,26,34.6,34.6,0,2589,1
445774,25.73,25.77,74.35,26,34.3,34.3,0,2564,1
446784,27.86,25.79,74.55,26,34.1,34.1,0,2545,1
447794,26.85,25.95,74.3,26,34.3,34.3,0,2569,1
448804,25.56,26.11,73.84,26,34.8,34.8,0,2615,1
449814,25.67,26.03,73.85,26,34.8,34.8,0,2614,1
450824,26.16,25.96,74.09,26,34.5,34.5,0,2591,1
451834,26.06,25.98,74.11,26,34.5,34.5,0,2588,1
452844,26.11,26,74.05,26,34.6,34.6,0,2594,1
453854,25.9,26.03,73.89,26,34.7,34.7,0,2610,1
454864,26.05,26.03,73.93,26,34.7,34.7,0,2606,1
455874,26.22,26.03,73.87,26,34.8,34.8,0,2612,1
456884,25.98,26.03,73.86,26,34.8,34.8,0,2614,1
457894,26.27,26.07,73.52,26,35,35,0,2648,1
458904,24.63,26.11,73.53,26,35.2,35.2,0,2646,1
459914,26.16,26.11,73.43,26,35.4,35.4,0,2656,1
460924,26.22,26.11,73.3,26,35.5,35.5,0,2669,1
461934,26.2,26.13,73.03,26,35.8,35.8,0,2697,1
462944,26.28,26.15,72.92,26,36,36,0,2708,1
463954,26.52,26.17,72.68,26,36.3,36.3,0,2731,1
464964,26.1,26.18,72.48,26,36.6,36.6,0,2752,1
465974,26.35,26.21,72.19,26,37,37,0,2780,1
466984,26.55,26.25,71.85,26,37.4,37.4,0,2814,1
467994,26.36,26.31,71.4,26,38,38,0,2860,1
469004,26.62,26.35,70.98,26,38.5,38.5,0,2901,1
470014,26.14,26.36,70.55,26,39.1,39.1,0,2945,1
471024,27.13,26.37,70.13,26,39.6,39.6,0,2986,1
472034,26.91,26.42,69.59,26,40.3,40.3,0,3041,1
473044,26.93,26.56,68.84,26,41.3,41.3,0,3115,1
474054,27.47,26.64,67.84,26,42.5,42.5,0,3216,1
475064,26.8,26.75,66.54,26,43.8,43.8,0,3346,1
476074,27.13,26.8,65.87,26,45.1,45.1,0,3412,1
477084,27.25,26.89,64.4,26,46.5,46.5,0,3559,1
478094,27.42,26.95,63.61,26,48,48,0,3638,1
479104,27.23,27.03,62.14,26,49.6,49.6,0,3785,1
480114,27.33,27.08,61.08,26,51.3,51.3,0,3892,1
481124,27.27,27.15,59.53,26,53.1,53.1,0,4046,1
482134,26.52,27.17,58.4,26,54.8,54.8,0,4160,1
483144,27.52,27.21,56.86,26,56.6,56.6,0,4314,1
484154,27.27,27.25,55.45,26,58.7,58.7,0,4455,1
485164,27.56,27.31,53.92,26,60.7,60.7,0,4607,1
486174,27.48,27.33,52.44,26,62.7,62.7,0,4756,1
487184,27.56,27.37,50.88,26,64.7,64.7,0,4912,1
488194,27.55,27.39,49.33,26,66.8,66.8,0,5066,1
489204,26.53,27.43,47.7,26,68.9,68.9,0,5230,1
490214,27.56,27.46,46.07,26,71.1,71.1,0,5392,1
491224,27.41,27.48,44.42,26,73.3,73.3,0,5558,1
492234,27.27,27.48,42.78,26,75.4,75.4,0,5722,1
493244,26.71,27.46,41.26,26,77.5,77.5,0,5873,1
494254,26.82,27.37,40.14,26,79.5,79.5,0,5986,1
495264,26.67,27.3,38.46,26,81.3,81.3,0,6153,1
496274,26.57,27.15,38.02,26,82.6,82.6,0,6198,1
497284,26.44,27.05,36.54,26,84,84,0,6346,1
498294,26.32,26.88,36.42,26,84.9,84.9,0,6358,1
499304,25.95,26.79,35.2,26,85.9,85.9,0,6480,1
500314,25.98,26.64,35.42,26,86.5,86.5,0,6458,1
501324,26.1,26.53,34.38,26,87.2,87.2,0,6561,1
502334,25.82,26.4,34.57,26,87.5,87.5,0,6542,1
503344,25.73,26.33,33.95,26,87.9,87.9,0,6605,1
504354,26.25,26.26,33.77,26,88.1,88.1,0,6622,1
505364,26.25,26.26,33.49,26,88.5,88.5,0,6650,1
506374,26.54,26.26,33.21,26,88.9,88.9,0,6679,1
507384,26.52,26.26,32.92,26,89.3,89.3,0,6708,1
508394,26.62,26.33,32.44,26,89.9,89.9,0,6756,1
509404,26.8,26.39,31.97,26,90.5,90.5,0,6803,1
510414,27.26,26.44,31.35,26,91.3,91.3,0,6865,1
511424,26.91,26.62,30.5,26,92.4,92.4,0,6949,1
512434,27.19,26.7,29.49,26,93.6,93.6,0,7050,1
513444,27.5,26.82,28.51,26,94.9,94.9,0,7148,1
514454,27.21,26.91,27.17,26,96.6,96.6,0,7282,1
515464,27,26.98,25.82,26,98.2,98.2,0,7417,1
516474,27.31,26.98,25,26,99.6,99.6,0,7500,1
517484,27.22,27.04,25,26,100,100,0,7500,1
518494,26.61,27.08,25,26,100,100,0,7500,1
519504,26.91,26.99,25,26,100,100,0,7500,1
520514,26.81,26.95,25,26,100,100,0,7500,1
521524,26.84,26.92,25,26,100,100,0,7500,1
522534,26.39,26.9,25,26,100,100,0,7500,1
523544,26.34,26.85,25,26,100,100,0,7500,1
524554,26.83,26.79,25,26,100,100,0,7500,1
525564,26.33,26.67,25,26,100,100,0,7500,1
526574,26.18,26.59,25,26,100,100,0,7500,1
527584,26.05,26.48,25,26,100,100,0,7500,1
528594,26.87,26.4,25,26,100,100,0,7500,1
529604,26.43,26.31,25,26,100,100,0,7500,1
530614,26.1,26.26,25,26,100,100,0,7500,1
531624,25.99,26.23,25,26,100,100,0,7500,1
532634,26.33,26.22,25,26,100,100,0,7500,1
533644,26.43,26.22,25,26,100,100,0,7500,1
534654,26.48,26.26,25,26,100,100,0,7500,1
535664,27.43,26.29,25,26,100,100,0,7500,1
536674,25.99,26.31,25,26,100,100,0,7500,1
538694,26.13,26.27,25,26,100,100,0,7500,1
539704,26.17,26.25,25,26,100,100,0,7500,1
540714,25.95,26.21,25,26,100,100,0,7500,1
541724,25.61,26.16,25,26,100,100,0,7500,1
542734,25.65,26.03,25.34,26,99.9,99.9,0,7466,1
543744,25.42,25.94,25.16,26,99.8,99.8,0,7484,1
544754,25.57,25.81,25.62,26,99.2,99.2,0,7437,1
545764,25.38,25.74,26.05,26,98.7,98.7,0,7395,1
546774,25.33,25.65,26.6,26,98,98,0,7340,1
547784,26.25,25.59,27.14,26,97.4,97.4,0,7285,1
548794,25.02,25.54,27.76,26,96.6,96.6,0,7224,1
549804,25.12,25.46,28.38,26,95.8,95.8,0,7161,1
550814,24.99,25.4,29.22,26,94.7,94.7,0,7078,1
551824,25.15,25.33,30.02,26,93.7,93.7,0,6997,1
552834,25.57,25.3,30.89,26,92.5,92.5,0,6911,1
553844,25.44,25.33,31.6,26,91.6,91.6,0,6840,1
554854,25.39,25.35,32.32,26,90.6,90.6,0,6768,1
555864,25.08,25.36,32.95,26,89.7,89.7,0,6704,1
556874,24.85,25.32,33.79,26,88.7,88.7,0,6620,1
557884,25.41,25.23,35.06,26,87.4,87.4,0,6493,1
558894,25.04,25.23,35.63,26,86.3,86.3,0,6437,1
559904,25.35,25.23,36.43,26,85.2,85.2,0,6356,1
560914,25.79,25.25,37.24,26,84.1,84.1,0,6275,1
562934,25.74,25.38,38.4,26,82.5,82.5,0,6159,1
563944,25.59,25.43,38.86,26,81.8,81.8,0,6113,1
564954,25.85,25.44,39.58,26,80.9,80.9,0,6041,1
565964,25.6,25.45,40.18,26,80.1,80.1,0,5981,1
566974,25.38,25.47,40.71,26,79.4,79.4,0,5929,1
567984,25.41,25.46,41.29,26,78.6,78.6,0,5870,1
568994,25.26,25.44,41.94,26,77.7,77.7,0,5805,1
570004,25.43,25.43,42.6,26,76.9,76.9,0,5740,1
571014,25.07,25.42,43.22,26,76,76,0,5677,1
572024,24.43,25.4,43.93,26,75.1,75.1,0,5607,1
573034,25.17,25.38,44.65,26,74.2,74.2,0,5535,1
574044,25,25.34,45.42,26,73.1,73.1,0,5457,1
575054,24.87,25.28,46.6,26,71.9,71.9,0,5339,1
576064,25.01,25.25,47.25,26,70.8,70.8,0,5274,1
577074,25.08,25.2,48.34,26,69.5,69.5,0,5165,1
578084,25.38,25.17,49.16,26,68.3,68.3,0,5083,1
579094,25.46,25.18,49.85,26,67.1,67.1,0,5014,1
580104,25.15,25.2,50.88,26,66,66,0,4911,1
581114,25.43,25.24,51.55,26,64.9,64.9,0,4844,1
582124,25.41,25.26,52.39,26,63.9,63.9,0,4760,1
583134,25.45,25.3,52.97,26,63,63,0,4703,1
584144,25.49,25.33,53.76,26,62,62,0,4623,1
585154,25.44,25.36,54.46,26,61.1,61.1,0,4553,1
586164,25.45,25.38,55.1,26,60.2,60.2,0,4489,1
587174,24.88,25.37,55.78,26,59.3,59.3,0,4422,1
588184,24.54,25.33,56.6,26,58.2,58.2,0,4339,1
589194,25.51,25.3,57.42,26,57.2,57.2,0,4257,1
590204,25.63,25.39,58.01,26,56.4,56.4,0,4199,1
591214,25.18,25.42,58.51,26,55.7,55.7,0,4149,1
592224,25.01,25.38,59.2,26,54.7,54.7,0,4079,1
593234,24.79,25.33,60.05,26,53.6,53.6,0,3995,1
594244,24.13,25.26,60.93,26,52.5,52.5,0,3906,1
595254,25.84,25.26,61.88,26,51.3,51.3,0,3812,1
596264,25.07,25.27,62.63,26,50.2,50.2,0,3737,1
597274,25.17,25.25,63.49,26,49.1,49.1,0,3650,1
598284,25.2,25.23,64.39,26,48,48,0,3561,1
599294,25.05,25.23,65.21,26,46.8,46.8,0,3479,1
600304,25.18,25.22,66.11,26,45.7,45.7,0,3389,1
601314,25.1,25.21,66.94,26,44.5,44.5,0,3306,1
602324,25.35,25.21,67.8,26,43.4,43.4,0,3220,1
603334,26.37,25.22,68.63,26,42.3,42.3,0,3137,1
604344,23.7,25.33,68.84,26,41.5,41.5,0,3115,1
605354,25.49,25.39,69.77,26,40.7,40.7,0,3023,1
606364,25.33,25.42,70.35,26,39.9,39.9,0,2964,1
607374,25.03,25.41,71.01,26,39,39,0,2898,1
609394,25.36,25.33,72.56,26,37,37,0,2743,1
610404,25.37,25.32,73.32,26,36,36,0,2668,1
611414,25.88,25.34,74.03,26,35,35,0,2596,1
612424,26.3,25.38,74.62,26,34.2,34.2,0,2537,1
613434,29.67,25.72,74.93,26,33.7,33.7,0,2507,1
614444,25.73,26.1,73.66,26,35.2,35.2,0,2633,1
615454,25.72,26.07,73.93,26,35.1,35.1,0,2606,1
616464,25.67,26.01,73.7,26,35,35,0,2630,1
617474,26.02,25.96,73.97,26,34.9,34.9,0,2602,1
618484,26.05,25.94,73.94,26,34.8,34.8,0,2606,1
619494,26.1,25.96,73.86,26,34.8,34.8,0,2614,1
620504,26.15,25.98,73.93,26,34.8,34.8,0,2607,1
621514,25.87,25.98,74.06,26,34.7,34.7,0,2594,1
622524,26.11,25.97,74.01,26,34.7,34.7,0,2599,1
623534,26.17,25.98,73.97,26,34.7,34.7,0,2602,1
624544,26.21,26,73.97,26,34.7,34.7,0,2603,1
625554,26.13,26.04,73.84,26,34.9,34.9,0,2615,1
626564,26.28,26.06,73.73,26,35,35,0,2626,1
627574,25.83,26.09,73.59,26,35.2,35.2,0,2640,1
628584,26.29,26.12,73.4,26,35.4,35.4,0,2660,1
629594,26.45,26.18,73.1,26,35.8,35.8,0,2689,1
630604,26.43,26.24,72.79,26,36.2,36.2,0,2721,1
631614,26.68,26.29,72.34,26,36.7,36.7,0,2765,1
632624,26.51,26.38,71.84,26,37.4,37.4,0,2815,1
633634,26.45,26.42,71.26,26,38.1,38.1,0,2873,1
634644,26.16,26.44,70.75,26,38.8,38.8,0,2924,1
635654,27.25,26.45,70.19,26,39.5,39.5,0,2981,1
636664,26.96,26.57,68.88,26,40.6,40.6,0,3111,1
637674,27.49,26.66,68.49,26,41.7,41.7,0,3151,1
638684,27.64,26.86,66.54,26,43.3,43.3,0,3345,1
639694,27.21,26.96,65.96,26,44.9,44.9,0,3403,1
640704,27.01,27.06,64.49,26,46.6,46.6,0,3551,1
641714,27.42,27.08,63.42,26,48.2,48.2,0,3657,1
642724,29.48,27.19,61.33,26,50.1,50.1,0,3867,1
643734,28.01,27.33,60.26,26,52.3,52.3,0,3974,1
644744,27.36,27.46,58.29,26,54.6,54.6,0,4171,1
645754,27.57,27.46,56.69,26,56.9,56.9,0,4331,1
646764,27.89,27.49,55.02,26,59.1,59.1,0,4498,1
647774,27.47,27.51,53.34,26,61.3,61.3,0,4665,1
648784,27.42,27.51,51.7,26,63.5,63.5,0,4830,1
649794,27.67,27.5,50.08,26,65.7,65.7,0,4992,1
650804,27.6,27.52,48.41,26,67.9,67.9,0,5158,1
651814,27.43,27.56,46.68,26,70.2,70.2,0,5332,1
652824,27.51,27.56,44.95,26,72.5,72.5,0,5504,1
653834,27.32,27.53,43.31,26,74.7,74.7,0,5668,1
654844,27.32,27.51,41.74,26,76.8,76.8,0,5825,1
655854,27.24,27.45,40.27,26,79,79,0,5972,1
656864,26.85,27.4,38.66,26,81,81,0,6133,1
657874,27,27.3,37.75,26,82.6,82.6,0,6225,1
658884,26.38,27.25,36.18,26,84.4,84.4,0,6381,1
659894,26.94,27.06,35.95,26,85.5,85.5,0,6405,1
660904,26.3,26.95,34.55,26,86.7,86.7,0,6544,1
661914,26.16,26.8,34.45,26,87.5,87.5,0,6554,1
662924,26.21,26.7,33.37,26,88.4,88.4,0,6662,1
663934,26.85,26.6,33.01,26,89.1,89.1,0,6698,1
664944,26.52,26.6,32.26,26,90,90,0,6773,1
665954,26.35,26.58,31.61,26,90.8,90.8,0,6838,1
666964,26.29,26.56,31.03,26,91.6,91.6,0,6897,1
667974,25.33,26.51,30.59,26,92.2,92.2,0,6941,1
668984,25.89,26.41,30.32,26,92.6,92.6,0,6968,1
669994,26.01,26.31,30.17,26,92.9,92.9,0,6982,1
671004,26.21,26.24,29.99,26,93.2,93.2,0,7000,1
672014,26.29,26.21,29.86,26,93.4,93.4,0,7013,1
673024,26.71,26.21,29.64,26,93.7,93.7,0,7035,1
674034,25.95,26.22,29.39,26,94,94,0,7060,1
675044,25.37,26.21,29.11,26,94.4,94.4,0,7088,1
676054,26.09,26.15,29.1,26,94.4,94.4,0,7090,1
677064,25.9,26.08,29.31,26,94.4,94.4,0,7068,1
678074,25.79,26.05,29.14,26,94.4,94.4,0,7086,1
679084,25.39,25.93,29.89,26,94.1,94.1,0,7010,1
680094,25.65,25.84,29.75,26,93.7,93.7,0,7024,1
681104,25.63,25.76,30.34,26,93.2,93.2,0,6965,1
682114,25.52,25.72,30.54,26,92.8,92.8,0,6945,1
683124,25.95,25.67,31.15,26,92.2,92.2,0,6884,1
684134,25.73,25.69,31.31,26,91.8,91.8,0,6869,1
685144,25.49,25.71,31.56,26,91.4,91.4,0,6844,1
686154,25.79,25.69,31.98,26,90.9,90.9,0,6802,1
687164,25.66,25.7,32.29,26,90.5,90.5,0,6771,1
688174,25.76,25.71,32.57,26,90.1,90.1,0,6742,1
689184,25.82,25.73,32.84,26,89.7,89.7,0,6716,1
690194,26.57,25.77,33.02,26,89.4,89.4,0,6697,1
691204,25.63,25.77,33.25,26,89.1,89.1,0,6675,1
692214,26.41,25.77,33.57,26,88.7,88.7,0,6642,1
693224,26.68,25.86,33.53,26,88.7,88.7,0,6646,1
694234,26.79,26.04,33.32,26,88.9,88.9,0,6667,1
695244,26.66,26.15,32.82,26,89.5,89.5,0,6718,1
696254,26.67,26.28,31.89,26,90.2,90.2,0,6811,1
697264,26.55,26.33,31.8,26,90.8,90.8,0,6819,1
698274,26.21,26.35,31.51,26,91.3,91.3,0,6848,1
699284,26.18,26.26,31.25,26,91.5,91.5,0,6874,1
700294,25.97,26.19,31.39,26,91.6,91.6,0,6861,1
701304,25.75,26.15,31.08,26,91.8,91.8,0,6891,1
702314,25.73,26.05,31.53,26,91.7,91.7,0,6847,1
703324,25.59,25.97,31.39,26,91.5,91.5,0,6861,1
704334,25.66,25.87,32,26,91.1,91.1,0,6799,1
705344,25.28,25.81,32.02,26,90.7,90.7,0,6797,1
706354,24.61,25.7,32.57,26,90.1,90.1,0,6743,1
707364,25.32,25.63,33.1,26,89.4,89.4,0,6690,1
708374,25.46,25.57,33.69,26,88.6,88.6,0,6630,1
709384,25.37,25.55,34.21,26,88,88,0,6578,1
710394,25.7,25.51,34.84,26,87.2,87.2,0,6516,1
711404,26.33,25.53,35.36,26,86.5,86.5,0,6464,1
712414,25.66,25.57,35.71,26,86,86,0,6428,1
713424,24.46,25.57,36.13,26,85.4,85.4,0,6386,1
714434,25.51,25.57,36.63,26,84.7,84.7,0,6337,1
715444,25.32,25.53,37.23,26,84,84,0,6276,1
716454,25.34,25.5,37.88,26,83.1,83.1,0,6212,1
717464,25.72,25.48,38.54,26,82.3,82.3,0,6145,1
718474,25.61,25.49,39.02,26,81.6,81.6,0,6098,1
719484,25.8,25.54,39.17,26,81.1,81.1,0,6083,1
720494,26.17,25.59,39.77,26,80.6,80.6,0,6022,1
721504,26.88,25.67,39.63,26,80.2,80.2,0,6036,1
722514,25.61,25.72,40.22,26,79.9,79.9,0,5978,1
723524,25.79,25.75,40.39,26,79.6,79.6,0,5960,1
724534,25.88,25.76,40.68,26,79.2,79.2,0,5932,1
725544,25.82,25.78,40.84,26,78.9,78.9,0,5915,1
726554,25.75,25.78,41.15,26,78.6,78.6,0,5884,1
727564,25.08,25.71,41.57,26,78,78,0,5842,1
728574,25.19,25.64,42.1,26,77.4,77.4,0,5790,1
729584,25.35,25.54,42.79,26,76.5,76.5,0,5720,1
730594,25.38,25.51,43.38,26,75.8,75.8,0,5661,1
731604,25.82,25.47,44.04,26,74.9,74.9,0,5595,1
732614,25.11,25.41,44.7,26,74,74,0,5529,1
733624,24.83,25.35,45.57,26,72.9,72.9,0,5442,1
734634,25.07,25.28,46.44,26,71.8,71.8,0,5356,1
735644,25.63,25.24,47.38,26,70.6,70.6,0,5261,1
736654,24.96,25.3,47.89,26,69.6,69.6,0,5211,1
737664,25.27,25.32,48.82,26,68.6,68.6,0,5118,1
738674,25.11,25.26,49.86,26,67.5,67.5,0,5013,1
739684,25.14,25.24,50.57,26,66.3,66.3,0,4942,1
740694,25.28,25.23,51.43,26,65.2,65.2,0,4856,1
741704,25.28,25.23,52.28,26,64.1,64.1,0,4772,1
742714,25.42,25.23,53.09,26,63,63,0,4690,1
744734,25.99,25.25,54.64,26,60.8,60.8,0,4535,1
745744,25.02,25.25,55.55,26,59.7,59.7,0,4444,1
746754,25.18,25.23,56.51,26,58.4,58.4,0,4348,1
747764,25.79,25.24,57.32,26,57.3,57.3,0,4267,1
748774,25.75,25.35,57.83,26,56.6,56.6,0,4216,1
749784,25.62,25.42,58.32,26,55.9,55.9,0,4167,1
750794,25.7,25.48,58.75,26,55.3,55.3,0,4124,1
751804,26.09,25.54,59.2,26,54.7,54.7,0,4080,1
752814,25.19,25.54,59.65,26,54.1,54.1,0,4035,1
753824,25.48,25.52,60.18,26,53.4,53.4,0,3981,1
754834,25.61,25.52,60.71,26,52.7,52.7,0,3928,1
755844,25.56,25.53,61.22,26,52,52,0,3877,1
756854,26,25.53,61.76,26,51.3,51.3,0,3823,1
757864,25.65,25.61,61.84,26,50.8,50.8,0,3816,1
758874,25.8,25.66,62.33,26,50.4,50.4,0,3766,1
759884,26.15,25.72,62.14,26,50.2,50.2,0,3786,1
760894,25.89,25.79,62.63,26,50,50,0,3737,1
761904,26.06,25.86,62.46,26,49.9,49.9,0,3753,1
762914,26.1,25.88,62.74,26,49.8,49.8,0,3725,1
763924,26.24,25.93,62.56,26,49.8,49.8,0,3744,1
764934,26.23,25.99,62.64,26,49.8,49.8,0,3736,1
765944,26.6,26.05,62.24,26,50,50,0,3775,1
766954,26.52,26.1,62.26,26,50.3,50.3,0,3773,1
767964,25.54,26.16,61.95,26,50.6,50.6,0,3804,1
768974,26.49,26.2,61.66,26,51,51,0,3833,1
769984,26.49,26.26,61.27,26,51.5,51.5,0,3873,1
770994,26.78,26.3,60.87,26,52,52,0,3913,1
772004,26.89,26.37,60.34,26,52.7,52.7,0,3966,1
773014,26.57,26.47,59.73,26,53.5,53.5,0,4026,1
774024,26.48,26.52,59,26,54.4,54.4,0,4100,1
775034,27.34,26.52,58.43,26,55.1,55.1,0,4157,1
776044,26.98,26.55,57.79,26,56,56,0,4221,1
777054,26.97,26.65,56.57,26,57.2,57.2,0,4343,1
778064,27.18,26.7,56,26,58.3,58.3,0,4400,1
779074,27.16,26.78,54.63,26,59.6,59.6,0,4536,1
780084,26.99,26.85,53.98,26,60.9,60.9,0,4602,1
781094,27.1,26.91,52.68,26,62.3,62.3,0,4732,1
782104,27.91,26.94,51.8,26,63.7,63.7,0,4819,1
783114,27.1,26.99,50.51,26,65.3,65.3,0,4948,1
784124,27.16,27.01,49.49,26,66.8,66.8,0,5050,1
785134,27.51,27.04,48.19,26,68.3,68.3,0,5180,1
786144,26.99,27.06,47.13,26,69.9,69.9,0,5286,1
787154,27.28,27.07,45.83,26,71.6,71.6,0,5416,1
788164,27.1,27.07,44.66,26,73.2,73.2,0,5533,1
789174,26.07,27.07,43.49,26,74.7,74.7,0,5650,1
790184,26.8,27,42.56,26,76,76,0,5744,1
791194,26.69,26.9,41.77,26,77.1,77.1,0,5822,1
792204,26.33,26.85,40.91,26,78.3,78.3,0,5909,1
793214,26.39,26.79,40.17,26,79.3,79.3,0,5982,1
794224,26.12,26.65,39.59,26,80.1,80.1,0,6040,1
795234,26,26.56,39.25,26,80.6,80.6,0,6075,1
796244,26.06,26.43,38.9,26,81.2,81.2,0,6109,1
797254,25.66,26.34,38.74,26,81.5,81.5,0,6126,1
798264,25.96,26.24,38.97,26,81.6,81.6,0,6103,1
799274,25.93,26.19,38.54,26,81.8,81.8,0,6146,1
800284,25.9,26.13,38.74,26,81.9,81.9,0,6125,1
801294,26.13,26.07,38.53,26,81.9,81.9,0,6146,1
802304,25.96,26.06,38.53,26,81.9,81.9,0,6146,1
803314,25.83,26.06,38.45,26,82,82,0,6155,1
804324,26.64,26.05,38.33,26,82.1,82.1,0,6166,1
805334,26.6,26.06,38.33,26,82.2,82.2,0,6166,1
806344,26.01,26.13,38.17,26,82.5,82.5,0,6182,1
807354,25.91,26.12,37.91,26,82.7,82.7,0,6208,1
808364,26.19,26.1,37.86,26,82.8,82.8,0,6214,1
809374,26.16,26.1,37.76,26,82.9,82.9,0,6223,1
810384,26.02,26.1,37.63,26,83.1,83.1,0,6236,1
811394,26.12,26.11,37.51,26,83.3,83.3,0,6248,1
812404,26.34,26.11,37.38,26,83.4,83.4,0,6261,1
813414,25.99,26.08,37.31,26,83.5,83.5,0,6269,1
814424,25.82,26.04,37.36,26,83.5,83.5,0,6264,1
815434,25.98,26,37.41,26,83.4,83.4,0,6258,1
816444,25.71,25.98,37.49,26,83.3,83.3,0,6250,1
817454,25.98,25.93,37.82,26,83.1,83.1,0,6218,1
818464,25.88,25.91,37.8,26,83,83,0,6220,1
819474,25.86,25.9,37.98,26,82.8,82.8,0,6202,1
820484,25.7,25.89,38.07,26,82.6,82.6,0,6193,1
821494,25.41,25.85,38.46,26,82.3,82.3,0,6154,1
822504,24.73,25.8,38.61,26,82,82,0,6139,1
823514,25.71,25.59,40.07,26,80.9,80.9,0,5992,1
824524,25.54,25.61,39.83,26,80.4,80.4,0,6016,1
825534,25.87,25.63,40.1,26,80,80,0,5989,1
826544,25.69,25.64,40.55,26,79.5,79.5,0,5944,1
827554,25.53,25.67,40.91,26,79,79,0,5909,1
828564,25.61,25.66,41.27,26,78.5,78.5,0,5872,1
829574,26.04,25.65,41.68,26,78,78,0,5831,1
830584,25.54,25.63,42.11,26,77.4,77.4,0,5789,1
831594,25.66,25.63,42.51,26,76.9,76.9,0,5749,1
832604,25.67,25.66,42.87,26,76.4,76.4,0,5713,1
833614,25.67,25.66,43.21,26,75.9,75.9,0,5678,1
834624,25.79,25.67,43.58,26,75.4,75.4,0,5642,1
835634,25.53,25.68,43.9,26,75,75,0,5610,1
836644,26.21,25.68,44.25,26,74.5,74.5,0,5575,1
837654,26.03,25.71,44.55,26,74.1,74.1,0,5545,1
838664,25.37,25.79,44.38,26,74,74,0,5561,1
839674,25.47,25.72,45.06,26,73.4,73.4,0,5494,1
840684,25.73,25.66,45.63,26,72.8,72.8,0,5436,1
841694,25.69,25.66,45.91,26,72.3,72.3,0,5408,1
842704,25.65,25.67,46.23,26,71.9,71.9,0,5377,1
843714,25.71,25.69,46.56,26,71.4,71.4,0,5343,1
844724,25.82,25.7,46.81,26,71,71,0,5319,1
845734,25.56,25.69,47.23,26,70.5,70.5,0,5277,1
846744,25.63,25.66,47.75,26,70,70,0,5225,1
847754,25.57,25.64,48.12,26,69.4,69.4,0,5188,1
848764,25.44,25.61,48.58,26,68.8,68.8,0,5141,1
849774,25.42,25.58,49.09,26,68.1,68.1,0,5090,1
850784,25.25,25.54,49.68,26,67.4,67.4,0,5032,1
851794,25,25.51,50.27,26,66.6,66.6,0,4973,1
852804,25.28,25.48,50.89,26,65.8,65.8,0,4910,1
853814,25.26,25.45,51.5,26,65,65,0,4849,1
854824,25.37,25.41,52.23,26,64,64,0,4776,1
855834,25.12,25.35,52.99,26,63,63,0,4701,1
856844,25.46,25.32,53.82,26,62,62,0,4618,1
857854,25.53,25.31,54.53,26,60.8,60.8,0,4547,1
858864,25.39,25.29,55.48,26,59.8,59.8,0,4451,1
859874,24.81,25.26,56.52,26,58.6,58.6,0,4347,1
860884,24.84,25.22,57.25,26,57.4,57.4,0,4275,1
861894,24.97,25.17,58.42,26,56.1,56.1,0,4157,1
862904,25.33,25.18,59.13,26,55,55,0,4086,1
863914,25.01,25.2,59.87,26,53.8,53.8,0,4012,1
864924,25.17,25.17,60.91,26,52.6,52.6,0,3908,1
865934,25.39,25.16,61.87,26,51.4,51.4,0,3813,1
866944,24.96,25.16,62.77,26,50.1,50.1,0,3722,1
867954,25.22,25.12,63.87,26,48.7,48.7,0,3612,1
868964,24.81,25.14,64.77,26,47.5,47.5,0,3522,1
869974,24.61,25.15,65.67,26,46.3,46.3,0,3433,1
870984,25.34,25.16,66.57,26,45.1,45.1,0,3342,1
871994,25.17,25.2,67.35,26,44,44,0,3265,1
873004,25.52,25.19,68.23,26,42.8,42.8,0,3176,1
874014,25.14,25.2,69.11,26,41.7,41.7,0,3089,1
875024,25.13,25.19,69.97,26,40.5,40.5,0,3002,1
876034,25.59,25.2,70.85,26,39.3,39.3,0,2914,1
877044,24.99,25.18,71.72,26,38.2,38.2,0,2827,1
878054,25.29,25.17,72.77,26,36.8,36.8,0,2722,1
879064,25.47,25.19,73.4,26,35.7,35.7,0,2659,1
880074,25.46,25.22,74.42,26,34.6,34.6,0,2558,1
881084,29.78,25.28,74.92,26,33.6,33.6,0,2508,1
882094,31.34,25.73,74.6,26,34.2,34.2,0,2540,1
883104,25.82,26.54,70.51,26,36.6,36.6,0,2949,1
884114,25.8,26.43,72.26,26,36.7,36.7,0,2774,1
885124,25.78,26.27,72.7,26,36.8,36.8,0,2729,1
886134,25.67,26.19,72.18,26,37,37,0,2781,1
887144,26.24,26.11,72.33,26,37,37,0,2766,1
888154,26.55,26.12,72.06,26,37.2,37.2,0,2793,1
889164,26.02,26.14,71.86,26,37.4,37.4,0,2814,1
890174,26.31,26.13,71.75,26,37.6,37.6,0,2824,1
891184,26.54,26.16,71.54,26,37.9,37.9,0,2846,1
892194,26.5,26.21,71.21,26,38.3,38.3,0,2878,1
893204,26.46,26.25,70.85,26,38.7,38.7,0,2915,1
894214,26.3,26.28,70.51,26,39.2,39.2,0,2948,1
895224,26.82,26.28,70.2,26,39.6,39.6,0,2980,1
896234,26.88,26.38,69.72,26,40.2,40.2,0,3027,1
897244,27.37,26.49,68.91,26,41.2,41.2,0,3108,1
898254,27.56,26.71,66.88,26,42.7,42.7,0,3311,1
899264,27.27,26.86,66.49,26,44.2,44.2,0,3350,1
900274,27.19,26.98,64.94,26,45.9,45.9,0,3505,1
901284,27.42,27.02,64,26,47.4,47.4,0,3599,1
902294,27.56,27.11,62.35,26,49.2,49.2,0,3765,1
903304,27.59,27.18,61.26,26,51,51,0,3874,1
904314,27.75,27.28,59.38,26,53,53,0,4061,1
905324,27.5,27.34,58.11,26,55.1,55.1,0,4188,1
906334,27.49,27.44,56.06,26,57.4,57.4,0,4394,1
907344,28.19,27.49,54.65,26,59.6,59.6,0,4535,1
908354,28.1,27.63,52.46,26,62.5,62.5,0,4753,1
909364,27.57,27.72,50.43,26,65.1,65.1,0,4957,1
910374,27.43,27.75,48.45,26,67.7,67.7,0,5155,1
911384,27.46,27.75,46.56,26,70.2,70.2,0,5343,1
912394,27.58,27.69,44.85,26,72.5,72.5,0,5515,1
913404,27.51,27.66,43.09,26,74.9,74.9,0,5690,1
914414,27.75,27.64,41.35,26,77.2,77.2,0,5864,1
915424,27.57,27.62,39.62,26,79.6,79.6,0,6038,1
916434,27.05,27.57,38,26,81.7,81.7,0,6199,1
917444,27.27,27.5,36.46,26,83.8,83.8,0,6354,1
918454,26.94,27.46,34.84,26,86,86,0,6515,1
919464,26.81,27.33,34.14,26,87.7,87.7,0,6585,1
920474,26.43,27.21,32.53,26,89.2,89.2,0,6746,1
921484,26.36,27.04,32.31,26,90.4,90.4,0,6768,1
922494,26.18,26.92,30.92,26,91.5,91.5,0,6908,1
923504,26.18,26.77,30.87,26,92.3,92.3,0,6912,1
924514,26.27,26.68,29.8,26,93.2,93.2,0,7019,1
925524,26.27,26.57,29.67,26,93.8,93.8,0,7032,1
926534,26.15,26.52,28.9,26,94.5,94.5,0,7109,1
927544,25.89,26.45,28.83,26,95,95,0,7117,1
928554,27.03,26.45,28.02,26,95.7,95.7,0,7197,1
929564,26.22,26.44,27.55,26,96.3,96.3,0,7245,1
930574,25.87,26.42,27.13,26,96.9,96.9,0,7287,1
931584,25.79,26.31,26.99,26,97.1,97.1,0,7301,1
932594,25.69,26.23,26.9,26,97.3,97.3,0,7310,1
933604,25.7,26.11,27.01,26,97.2,97.2,0,7298,1
934614,25.61,26.02,27.07,26,97.2,97.2,0,7292,1
935624,25.61,25.95,27.31,26,96.9,96.9,0,7269,1
936634,25.8,25.87,27.54,26,96.7,96.7,0,7246,1
937644,26.84,25.83,27.86,26,96.3,96.3,0,7214,1
938654,25.9,25.83,28,26,96,96,0,7200,1
939664,25.9,25.84,28.21,26,95.8,95.8,0,7179,1
940674,26.06,25.86,28.3,26,95.6,95.6,0,7170,1
941684,25.59,25.86,28.47,26,95.5,95.5,0,7153,1
942694,26.28,25.89,28.47,26,95.3,95.3,0,7153,1
943704,26.53,25.93,28.56,26,95.3,95.3,0,7143,1
944714,25.53,26.03,28.02,26,95.6,95.6,0,7198,1
945724,26.43,26.09,28.14,26,95.8,95.8,0,7186,1
946734,26.49,26.17,27.49,26,96.2,96.2,0,7250,1
947744,26.21,26.25,27.4,26,96.7,96.7,0,7259,1
948754,26.6,26.32,26.9,26,97.3,97.3,0,7310,1
949764,27.2,26.38,26.36,26,98,98,0,7363,1
950774,26.31,26.42,25.8,26,98.7,98.7,0,7419,1
951784,25.79,26.38,25.48,26,99.1,99.1,0,7452,1
952794,26.05,26.31,25.26,26,99.5,99.5,0,7474,1
953804,26.84,26.28,25.01,26,99.8,99.8,0,7498,1
954814,26.72,26.33,25,26,100,100,0,7500,1
955824,26.84,26.44,25,26,100,100,0,7500,1
956834,26.88,26.5,25,26,100,100,0,7500,1
957844,27.85,26.64,25,26,100,100,0,7500,1
958854,26.44,26.75,25,26,100,100,0,7500,1
959864,26.44,26.67,25,26,100,100,0,7500,1
960874,26.49,26.63,25,26,100,100,0,7500,1
961884,26.64,26.61,25,26,100,100,0,7500,1
962894,26.66,26.62,25,26,100,100,0,7500,1
963904,26.56,26.62,25,26,100,100,0,7500,1
964914,27.37,26.58,25,26,100,100,0,7500,1
965924,26.92,26.6,25,26,100,100,0,7500,1
966934,26.53,26.63,25,26,100,100,0,7500,1
967944,26.37,26.61,25,26,100,100,0,7500,1
968954,26.25,26.56,25,26,100,100,0,7500,1
969964,26.55,26.5,25,26,100,100,0,7500,1
970974,26.78,26.49,25,26,100,100,0,7500,1
971984,27.29,26.57,25,26,100,100,0,7500,1
972994,27.64,26.69,25,26,100,100,0,7500,1
974004,27.88,26.92,25,26,100,100,0,7500,1
975014,28.26,27.19,25,26,100,100,0,7500,1
976024,27.96,27.34,25,26,100,100,0,7500,1
977034,27.67,27.49,25,26,100,100,0,7500,1
978044,27.54,27.54,25,26,100,100,0,7500,1
979054,27.2,27.54,25,26,100,100,0,7500,1
980064,27.18,27.49,25,26,100,100,0,7500,1
981074,26.88,27.39,25,26,100,100,0,7500,1
982084,26.6,27.3,25,26,100,100,0,7500,1
983094,26.72,27.15,25,26,100,100,0,7500,1
984104,26.39,27.07,25,26,100,100,0,7500,1
985114,26.5,27.03,25,26,100,100,0,7500,1
986124,26.81,27.03,25,26,100,100,0,7500,1
987134,27.08,27.07,25,26,100,100,0,7500,1
988144,27.03,27.07,25,26,100,100,0,7500,1
989154,27.02,27.06,25,26,100,100,0,7500,1
990164,26.99,27.04,25,26,100,100,0,7500,1
991174,26.82,27.02,25,26,100,100,0,7500,1
992184,26.26,26.98,25,26,100,100,0,7500,1
993194,26.36,26.84,25,26,100,100,0,7500,1
994204,25.6,26.69,25,26,100,100,0,7500,1
995214,25.75,26.58,25,26,100,100,0,7500,1
996224,25.97,26.42,25,26,100,100,0,7500,1
997234,25.87,26.34,25,26,100,100,0,7500,1
998244,25.96,26.25,25,26,100,100,0,7500,1
999254,25.69,26.18,25,26,100,100,0,7500,1
1000264,25.68,26.07,25.21,26,99.9,99.9,0,7479,1
1001274,25.84,26,25,26,99.9,99.9,0,7500,1
1002284,25.46,25.91,25.61,26,99.7,99.7,0,7438,1
1003294,25.45,25.84,25.56,26,99.3,99.3,0,7443,1
1004304,25.44,25.74,26.32,26,98.8,98.8,0,7368,1
1005314,25.62,25.69,26.45,26,98.2,98.2,0,7355,1
1006324,25.86,25.65,26.93,26,97.7,97.7,0,7307,1
1007334,25.41,25.64,27.31,26,97.1,97.1,0,7269,1
1008344,25.28,25.6,28,26,96.5,96.5,0,7200,1
1009354,25.97,25.58,28.36,26,95.8,95.8,0,7163,1
1010364,26.7,25.52,29,26,94.9,94.9,0,7100,1
1011374,25.9,25.59,29.3,26,94.5,94.5,0,7069,1
1012384,26.01,25.69,29.45,26,94.3,94.3,0,7055,1
1013394,25.82,25.74,29.63,26,94,94,0,7036,1
1014404,25.56,25.75,29.89,26,93.6,93.6,0,7010,1
1015414,25.6,25.72,30.22,26,93.2,93.2,0,6978,1
1016424,25.47,25.71,30.57,26,92.7,92.7,0,6942,1
1017434,25.43,25.67,30.96,26,92.2,92.2,0,6904,1
1018444,25.37,25.64,31.45,26,91.6,91.6,0,6854,1
1019454,24.98,25.58,32.26,26,90.8,90.8,0,6774,1
1020464,24.9,25.5,32.73,26,90,90,0,6727,1
1021474,25.46,25.39,33.88,26,88.9,88.9,0,6611,1
1022484,25.53,25.4,34.22,26,88.1,88.1,0,6578,1
1023494,25.82,25.44,34.6,26,87.3,87.3,0,6539,1
1024504,25.78,25.48,35.24,26,86.7,86.7,0,6475,1
1025514,26.28,25.55,35.39,26,86.1,86.1,0,6460,1
1026524,25.9,25.6,35.95,26,85.6,85.6,0,6404,1
1027534,25.48,25.65,36.12,26,85.2,85.2,0,6388,1
1028544,25.56,25.65,36.61,26,84.7,84.7,0,6339,1
1029554,25.65,25.64,37.07,26,84.1,84.1,0,6292,1
1030564,25.75,25.64,37.45,26,83.6,83.6,0,6255,1
1031574,25.54,25.64,37.83,26,83.1,83.1,0,6217,1
1032584,26.23,25.64,38.24,26,82.6,82.6,0,6176,1
1033594,25.43,25.7,38.43,26,82.3,82.3,0,6156,1
1034604,25.48,25.71,38.7,26,81.9,81.9,0,6130,1
1035614,25.31,25.67,39.14,26,81.3,81.3,0,6085,1
1036624,24.94,25.58,39.69,26,80.6,80.6,0,6031,1
1037634,25.88,25.5,40.44,26,79.7,79.7,0,5955,1
1038644,25.83,25.56,40.87,26,79.1,79.1,0,5912,1
1039654,25.96,25.61,41.18,26,78.7,78.7,0,5881,1
1040664,25.72,25.7,41.1,26,78.4,78.4,0,5890,1
1041674,26.03,25.75,41.53,26,78.1,78.1,0,5846,1
1042684,25.62,25.78,41.67,26,77.9,77.9,0,5833,1
1043694,25.53,25.77,41.98,26,77.5,77.5,0,5802,1
1044704,25.27,25.73,42.52,26,77,77,0,5747,1
1045714,26.41,25.7,42.7,26,76.6,76.6,0,5730,1
1046724,27.39,25.74,42.35,26,76.3,76.3,0,5765,1
1047734,26.58,25.85,42.91,26,76.2,76.2,0,5708,1
1048744,25.52,25.93,43.19,26,76.3,76.3,0,5680,1
1049754,25.21,25.85,43.11,26,75.9,75.9,0,5688,1
1050764,24.96,25.7,43.74,26,75.2,75.2,0,5626,1
1051774,25.08,25.59,44.4,26,74.3,74.3,0,5560,1
1052784,24.96,25.44,45.29,26,73.2,73.2,0,5470,1
1053794,24.91,25.34,46.19,26,72.1,72.1,0,5380,1
1054804,24.87,25.23,47.23,26,70.8,70.8,0,5276,1
1055814,25.95,25.17,48.21,26,69.5,69.5,0,5179,1
1056824,25.14,25.14,49.22,26,68.2,68.2,0,5077,1
1057834,24.45,25.13,50.16,26,66.9,66.9,0,4984,1
1058844,25.35,25.06,51.31,26,65.4,65.4,0,4868,1
1059854,25.2,25,52.43,26,63.7,63.7,0,4756,1
1060864,25.14,25.03,53.62,26,62.4,62.4,0,4637,1
1061874,24.94,25,54.84,26,60.9,60.9,0,4515,1
1062884,24.96,24.99,55.88,26,59.4,59.4,0,4411,1
1063894,24.82,24.95,57.23,26,57.8,57.8,0,4277,1
1064904,24.86,24.92,58.31,26,56.2,56.2,0,4168,1
1065914,24.77,24.89,59.71,26,54.5,54.5,0,4028,1
1066924,24.62,24.86,60.88,26,52.8,52.8,0,3911,1
1067934,24.56,24.8,62.45,26,51,51,0,3755,1
1068944,24.65,24.77,63.65,26,49.2,49.2,0,3634,1
1069954,24.41,24.72,65.26,26,47,47,0,3473,1
1070964,24.63,24.67,66.81,26,45,45,0,3318,1
1071974,24.21,24.58,68.5,26,42.8,42.8,0,3149,1
1072984,25.05,24.63,69.91,26,40.9,40.9,0,3008,1
1073994,24.77,24.71,71.14,26,39.2,39.2,0,2885,1
1075004,24.05,24.65,72.58,26,37.3,37.3,0,2742,1
1076014,24.36,24.56,74.4,26,34.9,34.9,0,2559,1
1077024,29.78,24.49,76.14,26,32.7,32.7,0,2385,1
1079044,30.08,25.98,75.37,26,33.2,33.2,0,2463,1
1080054,24.74,26.55,73.04,26,35.8,35.8,0,2696,1
1081064,24.85,26.25,74.63,26,35.4,35.4,0,2536,1
1082074,24.44,25.98,73.76,26,34.9,34.9,0,2623,1
1083084,25.42,25.65,75.76,26,33.8,33.8,0,2424,1
1084094,31.08,25.56,75.39,26,33,33,0,2460,1
1085104,25.18,26.29,71.39,26,35,35,0,2860,1
1086114,24.94,26.39,73.1,26,35.7,35.7,0,2690,1
1087124,24.94,26.03,74.8,26,34.9,34.9,0,2520,1
1088134,25.36,25.84,74.23,26,34.4,34.4,0,2577,1
1089144,28.14,25.7,75.16,26,33.7,33.7,0,2484,1
1090154,31.25,25.93,74.54,26,34,34,0,2545,1
1091164,25.73,26.35,73.3,26,35.5,35.5,0,2670,1
1092174,26.29,26.25,73.2,26,35.6,35.6,0,2680,1
1093184,25.9,26.15,73.24,26,35.6,35.6,0,2676,1
1094194,25.97,26.1,73.22,26,35.6,35.6,0,2678,1
1095204,26.22,26.06,73.24,26,35.6,35.6,0,2675,1
1096214,25.86,26.04,73.2,26,35.7,35.7,0,2679,1
1097224,26.12,26.05,73.15,26,35.8,35.8,0,2684,1
1098234,26.57,26.07,73.06,26,35.9,35.9,0,2693,1
1099244,25.58,26.12,72.82,26,36.2,36.2,0,2717,1
1100254,26.01,26.09,72.87,26,36.3,36.3,0,2712,1
1101264,26.13,26.07,72.71,26,36.3,36.3,0,2728,1
1102274,26.13,26.08,72.57,26,36.5,36.5,0,2742,1
1103284,26.18,26.09,72.51,26,36.6,36.6,0,2749,1
1104294,26.03,26.09,72.47,26,36.7,36.7,0,2753,1
1105304,26.15,26.1,72.27,26,36.9,36.9,0,2773,1
1106314,26.27,26.13,71.94,26,37.2,37.2,0,2806,1
1107324,26.36,26.16,71.85,26,37.4,37.4,0,2814,1
1108334,26.33,26.2,71.43,26,37.8,37.8,0,2857,1
1109344,26.44,26.22,71.27,26,38.2,38.2,0,2872,1
1110354,26.24,26.23,70.97,26,38.6,38.6,0,2902,1
1111364,26.49,26.24,70.7,26,38.9,38.9,0,2929,1
1112374,26.85,26.32,70.2,26,39.6,39.6,0,2980,1
1113384,27.29,26.38,69.67,26,40.2,40.2,0,3033,1
1114394,27.11,26.49,68.94,26,41.2,41.2,0,3106,1
1115404,27.07,26.56,68.27,26,42,42,0,3172,1
1116414,27.97,26.65,67.35,26,43.2,43.2,0,3264,1
1117424,27.17,26.77,66.41,26,44.4,44.4,0,3358,1
1118434,27,26.82,65.35,26,45.7,45.7,0,3464,1
1119444,27.22,26.86,64.37,26,47,47,0,3562,1
1120454,27.07,26.89,63.22,26,48.5,48.5,0,3677,1
1121464,26.99,26.93,62.09,26,49.9,49.9,0,3791,1
1122474,27.22,26.95,61.06,26,51.4,51.4,0,3893,1
1123484,27.35,27,59.72,26,52.9,52.9,0,4027,1
1124494,27.4,27.02,58.75,26,54.4,54.4,0,4125,1
